CustomerID,Age,Annual_Income,Spending_Score,Visits_Per_Month,Online_Purchases,Avg_Order_Value,Customer_Tenure_Years
1,56,86934,26,10,4,3937,3.3
2,69,62535,40,5,15,3322,4.3
3,46,44807,5,10,17,1596,8.6
4,32,59932,21,4,16,2825,5.3
5,60,58620,78,6,10,2912,6.9
6,25,10000,4,6,16,3914,4.2
7,38,48772,23,11,15,2320,3
8,56,66284,84,2,1,1904,9.6
9,36,51515,15,2,3,2945,6.2
10,40,47075,93,4,6,2225,9.4
11,28,78227,8,1,1,2611,2.4
12,28,41669,41,9,5,2902,1.9
13,41,74232,19,14,16,2540,8.6
14,53,33345,46,14,6,4155,7
15,57,115215,28,13,4,4697,2.3
16,41,55686,91,7,4,4035,3.1
17,20,53534,68,12,19,874,8.1
18,39,82861,15,7,15,2229,4.8
19,19,51625,99,3,18,2785,6.9
20,41,89098,37,11,8,784,3.5
21,61,67431,1,12,4,1948,4.1
22,47,57632,67,3,7,2770,9.9
23,55,55499,24,1,8,2461,2.9
24,19,84151,27,3,4,3010,5.3
25,38,64609,40,3,9,1343,8.5
26,50,68646,63,4,1,2447,2.8
27,29,70820,61,4,8,3182,4.4
28,39,62658,36,3,10,3012,6.3
29,61,70397,98,10,3,3536,5.1
30,42,57633,93,12,1,3466,4.9
31,66,59003,24,8,5,2511,3.9
32,44,37617,24,8,13,3144,6.1
33,59,65955,4,13,0,2040,6.4
34,45,25609,67,13,17,2675,6.7
35,33,65671,34,1,6,1733,1.2
36,32,54387,57,7,0,4278,6.5
37,64,67491,49,11,0,2671,9.6
38,68,39023,87,2,0,4276,5.6
39,61,17612,53,1,3,3373,7.3
40,69,52982,23,3,3,1937,5.8
41,20,39081,69,4,17,3301,8.6
42,54,24388,95,13,10,3971,9.3
43,68,75359,53,6,0,2906,2.3
44,24,92024,62,10,9,3088,4.7
45,38,44060,41,14,8,2338,4.2
46,26,58484,57,5,3,3028,4.3
47,56,53844,60,14,5,3285,1.7
48,35,46822,54,4,15,2305,8.2
49,21,73274,70,8,1,1704,0.8
50,42,80202,57,11,17,4545,5.5
51,31,42627,10,12,9,3724,6.8
52,67,60895,40,14,16,2342,2.5
53,26,85690,7,4,12,3263,9.1
54,43,73780,38,13,17,1225,8.5
55,19,76753,85,10,12,627,5
56,37,87359,61,12,16,4300,4.4
57,45,87096,84,13,4,3275,2.7
58,64,80572,3,2,10,2942,7.4
59,24,62898,51,3,6,3279,1.8
60,61,52350,86,6,9,6871,7
61,25,62069,47,8,16,4042,8.5
62,64,49311,68,8,14,1745,2.7
63,52,20950,92,11,17,983,8.7
64,31,54410,76,9,18,4265,0.8
65,34,67150,38,7,1,4027,9.2
66,53,48254,36,13,3,3690,1.6
67,67,56144,41,2,2,2024,6.6
68,57,56919,69,8,6,3435,2.9
69,21,87137,13,7,17,2131,8.4
70,19,52811,87,8,9,3795,5.4
71,23,87132,58,12,6,4179,1.8
72,59,10000,50,3,7,2347,5.9
73,21,86957,30,7,5,4358,4.4
74,46,85948,62,10,0,3137,6.8
75,35,78045,25,13,3,3590,8.9
76,43,19761,27,9,13,1428,4.4
77,61,80377,51,3,16,3278,3.3
78,51,58997,78,14,19,2189,0.6
79,27,10000,57,10,17,3569,6
80,53,85963,47,6,10,4760,4.3
81,31,88883,39,2,13,3347,4.1
82,48,21909,16,2,8,1918,2.2
83,65,63508,22,5,14,3751,4.6
84,32,87771,85,5,11,3482,9.9
85,25,84603,54,13,9,5470,3.3
86,31,76721,21,7,18,3304,6.2
87,40,10000,72,12,18,2297,7.9
88,57,74590,16,2,5,3924,7.6
89,38,55637,59,11,19,2846,3.6
90,33,79917,31,14,5,3096,6.3
91,62,65123,42,13,7,1885,8.8
92,35,59602,74,7,0,2853,0.6
93,64,72818,32,5,16,3036,4.6
94,41,56561,59,14,16,2845,2.6
95,43,59514,34,6,14,2290,4.2
96,42,48895,9,8,6,3345,4.5
97,62,27891,81,10,18,1891,7.6
98,58,71357,11,13,2,1609,1.4
99,46,43879,96,14,10,3851,5.4
100,32,55984,10,12,19,3741,5.9
101,62,65739,86,4,18,1430,5.2
102,18,18295,17,13,8,804,7.5
103,42,22773,68,7,9,1789,4.1
104,24,54005,48,6,1,2846,9.5
105,26,69091,52,10,0,4385,5.1
106,41,74880,25,2,15,2816,5.9
107,18,28173,21,8,17,2076,8.3
108,61,72732,65,10,16,3178,3.1
109,25,55098,63,9,5,2863,1.2
110,41,42336,89,5,13,1342,7.2
111,28,47028,51,10,14,1349,5.1
112,68,76037,36,4,13,1382,9
113,34,65480,81,6,2,5975,9.8
114,25,61006,88,8,18,4031,4.3
115,52,64869,66,11,11,2287,4.4
116,52,78561,15,3,1,4329,4.4
117,50,58058,96,10,2,2318,3.6
118,22,61086,39,11,17,4290,7.9
119,59,82763,70,11,0,3096,7.7
120,56,53368,1,1,19,2209,5
121,58,72362,23,4,5,3815,0.9
122,45,49925,39,4,4,3165,3.4
123,24,51682,57,1,0,3477,3.3
124,26,57919,81,9,18,3258,8.2
125,25,70305,34,3,0,3246,1.3
126,29,83883,41,5,15,3960,8.2
127,51,61930,93,6,11,6100,6.9
128,50,30003,73,8,7,4498,7.5
129,65,72628,13,6,15,3263,4.6
130,40,109076,70,3,0,2627,7
131,41,62173,6,6,3,2759,6.3
132,54,25824,84,1,9,1492,7.8
133,52,63393,52,4,10,3797,4.7
134,61,59939,3,6,16,1782,5
135,57,58257,81,7,6,2553,6.6
136,39,78908,63,11,11,3804,1.5
137,44,87565,49,13,6,2715,4.6
138,52,73671,76,11,11,2409,9.7
139,18,57338,47,10,14,1563,0.9
140,52,82513,55,3,1,4446,3.5
141,54,30123,64,9,13,2000,3.5
142,64,45678,65,12,12,2296,6.5
143,31,47907,81,12,3,849,1.5
144,20,59380,67,7,13,2976,6.5
145,18,70134,90,14,13,2600,1.4
146,22,55985,15,1,15,3218,1.4
147,43,41879,32,2,6,1590,7.4
148,31,79497,96,1,18,3881,3.6
149,56,55290,68,11,1,792,9.8
150,44,62042,18,9,9,2889,0.9
151,26,71021,83,9,17,3138,4.7
152,32,60777,43,7,16,3069,1.6
153,32,60865,35,10,4,3189,3.8
154,43,80609,78,3,11,3946,10
155,59,63027,58,13,5,4589,8.9
156,30,77255,33,5,8,2813,1
157,68,70893,14,4,19,1838,5.9
158,49,100337,34,7,0,3672,6.7
159,56,68188,61,14,14,2663,2.5
160,66,72759,4,9,5,4517,1.9
161,69,82033,88,12,18,2277,9.1
162,49,61272,59,2,17,1970,9.7
163,21,47242,29,13,5,3172,9.9
164,47,50517,83,8,12,911,8
165,54,50709,6,9,0,2439,6.8
166,40,40993,97,10,12,2604,3.8
167,56,66356,49,14,6,3264,2.1
168,62,47409,40,10,14,1804,1.3
169,32,63897,83,9,11,1944,7.1
170,60,56826,65,14,0,4388,8
171,46,59167,69,10,14,2983,8.4
172,53,71121,27,14,3,4037,9.2
173,30,49162,80,7,12,2349,8.9
174,49,72777,6,9,4,2934,10
175,24,91346,13,9,1,3257,2.8
176,68,66862,64,14,0,5097,7.8
177,39,44358,62,3,15,2738,6.1
178,45,47699,99,4,5,2800,3
179,19,55034,19,2,15,4317,9.8
180,59,48102,76,10,13,2544,9
181,62,40176,80,3,2,3341,1.7
182,23,63088,43,11,14,4213,0.7
183,45,55576,74,11,2,2308,7
184,45,63794,89,5,1,3408,6.2
185,61,83727,20,5,0,5094,9.4
186,61,55272,95,6,8,4105,2.7
187,37,36291,68,13,8,3341,1.3
188,47,52022,44,7,6,2730,3
189,28,75408,23,7,2,2274,0.7
190,45,73535,2,1,17,1814,0.8
191,42,70372,22,14,10,4811,9.2
192,56,47505,57,2,6,4578,3.8
193,50,75038,72,12,8,2211,4.4
194,18,79537,7,9,0,3405,0.7
195,44,46091,78,10,13,3133,3.1
196,69,59168,56,2,19,4421,8.1
197,30,100408,67,6,5,3459,6.3
198,58,45202,16,11,6,2972,7.7
199,20,25898,83,11,9,2349,4.7
200,56,87658,51,1,6,3409,3.4
201,23,82732,82,3,1,2582,5.1
202,25,50860,80,2,3,3264,3.6
203,44,57740,72,3,16,2908,8.5
204,26,35501,97,5,0,2553,3.3
205,54,61779,12,11,9,1832,6.8
206,50,83318,53,10,18,3617,1.8
207,68,49147,75,6,14,3051,7
208,59,77542,5,9,9,5144,9.2
209,61,69274,27,12,18,1761,6.3
210,41,71556,12,11,11,3750,5.8
211,32,50313,17,10,15,2900,9.6
212,49,52907,6,12,8,5519,6.5
213,49,23064,97,12,14,3658,3
214,41,48666,5,13,16,3389,3.3
215,58,83269,57,4,13,2903,7.2
216,69,41413,28,7,17,2156,7.5
217,66,44393,78,6,1,3373,3.4
218,66,72803,69,2,3,1341,3.8
219,69,68055,59,10,17,1396,9.9
220,29,73797,33,11,6,4214,1.5
221,56,36735,62,11,12,885,4.3
222,19,111281,50,11,14,2616,1.1
223,20,35684,19,8,0,1741,8.3
224,66,63084,86,7,10,2517,1.4
225,54,56826,69,7,9,3221,6.9
226,66,36267,66,14,4,4181,1
227,34,52595,94,8,15,4461,6.9
228,66,60466,47,12,10,1897,8.5
229,19,47000,39,12,5,2440,4.3
230,19,78744,68,13,8,7863,5.5
231,45,56767,33,14,12,2699,4.3
232,40,33174,13,11,7,1941,3.4
233,54,31477,84,1,13,2141,8.1
234,49,72123,54,13,0,2707,3.1
235,50,30264,7,1,16,2528,7.4
236,18,66328,79,8,4,2718,2.5
237,36,68893,87,4,1,2974,2.9
238,19,40092,14,5,8,2965,3.7
239,61,77814,87,8,3,1853,6.1
240,43,25644,19,5,16,3443,4.8
241,49,65929,54,10,16,3145,7.6
242,23,59182,93,4,17,3595,2.5
243,49,57620,20,12,15,942,0.6
244,21,36442,29,6,7,3188,7.9
245,28,41259,24,13,10,617,8.3
246,34,92376,82,12,17,2789,1.1
247,55,84303,63,5,9,3789,6.3
248,41,74841,74,14,12,4254,4.1
249,22,78796,57,7,16,3401,8
250,69,76920,8,14,17,3810,8.8
251,51,53532,90,10,9,2641,8.6
252,23,60952,62,7,15,2388,7.9
253,39,30549,29,13,19,6231,3.1
254,28,58206,74,4,4,3992,8.2
255,65,83668,17,12,12,1592,5.6
256,33,46785,66,13,17,918,1
257,50,80462,6,5,16,2441,4.8
258,26,61831,58,13,8,4430,9.5
259,23,32292,69,3,13,3058,8.9
260,33,37853,28,4,16,331,1.5
261,46,78386,62,14,3,2787,7.6
262,20,71050,41,4,17,2997,8.2
263,37,62035,69,3,19,200,3.1
264,53,54519,82,13,14,3028,5
265,36,64211,90,10,10,1783,7.3
266,43,77605,84,5,11,797,4.7
267,20,89517,41,5,8,4925,1.6
268,36,90473,49,11,12,1730,7.2
269,37,67439,91,7,14,2199,9.2
270,49,56561,49,4,14,2183,6.7
271,24,62924,76,13,4,3002,7.9
272,69,70442,71,4,18,5119,3.9
273,58,70361,3,9,19,1564,2.2
274,50,86159,10,6,13,2631,6.6
275,57,102315,98,4,16,3145,3.6
276,56,55894,89,2,17,1957,8.7
277,35,103117,35,6,2,2612,1.7
278,57,83444,80,2,1,3713,4.6
279,18,57983,2,5,0,2093,4.3
280,28,89971,24,6,9,2593,9.4
281,45,93712,74,4,18,2482,2
282,42,50794,38,14,16,2875,0.6
283,67,94644,22,13,11,3291,2.8
284,40,81501,26,3,0,3703,8.3
285,48,107371,43,7,11,5325,2.5
286,47,51519,55,2,16,200,2.8
287,59,52931,39,13,2,2799,1.7
288,52,19466,91,11,10,1362,7.3
289,24,71423,29,14,16,2537,1.2
290,33,67505,20,6,2,4057,3.6
291,43,48740,91,13,7,4437,3.2
292,65,58362,41,4,19,4493,5.8
293,69,33775,54,6,3,4482,7.4
294,66,83968,20,4,6,2791,5.6
295,19,50206,19,4,13,4678,9.3
296,18,121880,84,4,13,4916,9.5
297,65,56487,99,9,3,3166,3.9
298,29,44807,66,7,15,4412,7.9
299,22,51753,30,3,0,3049,7.5
300,54,31760,53,3,16,4692,9
301,49,69645,34,6,9,2806,4.8
302,26,51602,22,6,15,2268,5.5
303,58,82625,67,4,15,1656,4.4
304,52,54505,6,9,7,2791,8.6
305,36,87688,79,4,6,3101,2.7
306,65,75149,27,9,5,1864,2.8
307,33,60571,10,4,15,2699,4
308,20,91604,73,2,19,2368,2.7
309,37,79045,97,2,15,1707,5.8
310,41,118924,96,5,6,4243,1.8
311,50,51810,48,4,8,4454,3.5
312,41,61532,70,7,13,4237,9.2
313,69,91374,59,14,10,2899,4.4
314,28,29129,59,11,13,2973,7.6
315,66,86338,2,5,6,1724,1.6
316,25,68786,29,6,0,3497,2.9
317,53,42235,68,10,12,3203,8.2
318,55,32739,65,4,19,6412,7.7
319,57,46550,83,13,2,4304,4.2
320,37,14303,26,12,19,3378,9.6
321,52,50209,89,2,3,2950,9.2
322,65,72451,10,13,10,4201,9.6
323,42,50473,53,10,1,1901,4.6
324,52,87766,79,9,13,4367,2.4
325,42,93198,59,10,11,1695,6.5
326,46,85512,22,7,16,2326,7
327,35,64612,51,4,11,794,1.7
328,63,13506,48,3,11,3736,8
329,35,45926,21,10,0,3299,0.7
330,19,57159,22,14,12,2326,5.1
331,52,42122,98,3,13,1885,3.6
332,33,57209,30,9,1,4654,7.5
333,58,92201,25,5,11,2839,3.5
334,53,27084,28,13,15,2079,8.4
335,50,96233,65,3,3,5306,6.2
336,21,77694,45,5,7,2211,8
337,50,65364,68,2,1,4366,9.9
338,31,45727,7,11,9,1618,7
339,38,42520,49,4,8,2574,9.9
340,65,27475,9,10,14,3602,0.8
341,37,94335,36,2,12,2930,3.7
342,25,90752,83,2,16,3292,1.5
343,24,31874,1,12,15,2353,3
344,20,48947,10,8,1,1082,8.5
345,34,68662,36,1,19,4758,0.8
346,50,54009,73,14,19,2426,5.4
347,65,21626,46,7,13,3346,5.9
348,29,46844,32,5,2,3842,5.8
349,68,99020,32,11,11,3370,5
350,39,48200,6,8,7,2149,8
351,39,56730,48,1,1,4391,1.8
352,63,37096,38,11,3,3616,3.5
353,47,71755,17,7,13,3238,6.3
354,55,62303,74,5,15,3210,7.1
355,55,45159,27,4,18,5018,4.3
356,62,33906,54,7,1,2123,8.8
357,68,88090,50,10,11,3498,4.4
358,25,27889,35,2,13,2365,4.3
359,44,70076,85,12,5,676,0.8
360,44,16922,25,1,12,644,5.7
361,51,74144,28,1,3,1782,7.2
362,38,79405,15,11,17,2209,1.6
363,47,81895,4,12,11,5607,3.4
364,50,56775,93,1,19,3838,7.9
365,45,91680,73,12,18,3946,4
366,64,106155,27,5,7,2235,2.8
367,50,53567,26,10,6,3073,6.9
368,22,50979,19,7,15,5767,2.4
369,65,62983,92,2,18,1542,9
370,36,50446,17,10,5,3547,1.5
371,21,47522,43,8,19,4933,7.2
372,52,49265,41,4,10,4159,5.2
373,66,94315,42,12,4,5161,8.8
374,34,75437,50,3,15,3255,1.7
375,61,50381,84,10,6,3724,6.9
376,45,10897,40,11,4,3131,5.9
377,47,29110,39,8,10,3640,5.1
378,46,70068,23,2,14,1901,5.2
379,63,17568,96,11,2,3950,7.4
380,23,65859,52,11,4,3353,9.4
381,52,38688,47,13,4,3075,1.4
382,58,61836,63,3,8,5095,0.7
383,54,61277,97,12,14,2681,8.2
384,41,62411,69,3,2,4449,1.5
385,46,52111,43,10,5,4568,9.9
386,66,51454,48,11,16,4026,6.4
387,63,45584,34,1,7,1841,6.7
388,48,69677,40,6,10,3430,2.4
389,52,76103,75,2,5,5350,2.8
390,50,35620,61,1,7,817,6.8
391,69,58967,50,2,9,2774,9.1
392,38,63931,67,12,2,4394,9.8
393,49,63675,62,6,13,2861,2.4
394,40,63335,58,14,13,3971,1.8
395,50,51959,33,4,9,4691,1
396,20,65580,75,6,11,3278,8.7
397,35,72360,16,12,5,3610,3.3
398,42,62820,82,9,11,3110,0.5
399,59,70118,94,13,13,3357,2.6
400,48,79807,48,10,1,5523,3.7
401,20,22981,10,12,8,2923,9.9
402,57,78869,82,10,9,2576,5.5
403,63,66848,38,8,16,4250,2.4
404,41,37767,19,1,16,1988,3.7
405,67,76049,36,13,2,2262,3.6
406,49,52033,59,8,18,2269,0.7
407,64,54760,63,9,0,2692,1.8
408,39,49846,77,6,11,2745,7.1
409,40,66047,46,10,6,3838,1.6
410,19,44292,3,5,3,2589,2.7
411,44,78029,74,6,9,3887,3.8
412,59,57222,65,13,12,4037,7.7
413,19,52715,91,6,1,2215,6
414,43,75057,8,9,9,4011,7
415,34,53608,51,4,3,4120,5.9
416,57,78963,81,2,17,886,7
417,50,79591,73,11,4,3352,0.5
418,26,33303,6,11,18,2392,9.3
419,60,82185,89,9,1,4563,1.6
420,65,30759,39,2,11,2380,4.4
421,56,83431,60,10,16,1392,7.8
422,46,100567,28,9,9,2964,4.6
423,59,77496,97,2,1,1923,9.5
424,43,16860,54,12,5,4019,4.9
425,52,81271,37,8,7,2029,8.8
426,67,104922,9,9,18,2978,8.2
427,42,53939,82,12,10,4854,9.8
428,41,59305,56,10,11,4318,9.3
429,30,36230,59,9,8,3573,9
430,24,66241,85,10,1,2846,7.5
431,53,85383,2,9,7,3459,4
432,62,73954,61,2,10,3826,1.5
433,37,122839,58,4,3,1816,7
434,18,60660,60,7,9,4021,9.8
435,25,27386,40,12,19,1677,7.4
436,63,63419,36,2,15,3686,9.3
437,33,11670,37,1,7,1671,8.1
438,31,49337,79,3,3,5355,2
439,29,92487,92,12,9,3916,2.9
440,68,66502,18,4,11,1132,3.7
441,40,63588,98,8,13,2998,2.1
442,32,96415,63,6,15,2374,6
443,45,54588,22,11,17,2232,9.8
444,51,85236,11,2,11,3176,7.7
445,19,62586,58,9,17,1886,4.5
446,49,67600,57,14,6,3913,0.5
447,40,35653,77,2,19,3845,3.5
448,39,50359,4,13,6,3421,5.5
449,68,32049,86,12,8,2976,3.6
450,42,58095,7,5,0,3791,1.6
451,39,67808,61,12,5,3949,4.7
452,39,37799,54,4,5,3545,2.9
453,66,100983,88,13,11,1425,9.1
454,69,65562,68,7,11,2053,1.5
455,59,61155,92,8,9,2678,1
456,23,75393,79,5,5,1229,0.6
457,32,43421,1,10,16,3268,3.6
458,60,63269,55,14,18,4693,6.8
459,54,45662,3,14,17,4502,7.4
460,50,91173,78,5,5,3887,4.8
461,25,38827,38,2,18,3873,7
462,61,61263,1,8,9,5658,3.9
463,61,66586,38,14,7,4012,6.8
464,22,67896,85,2,5,4110,0.9
465,56,48375,29,10,6,1273,4.2
466,21,42089,5,12,0,4599,8
467,23,48664,74,6,17,3478,8.1
468,62,70566,92,8,19,2904,7.3
469,49,57123,21,6,11,2606,2.4
470,69,75924,71,4,15,2341,2.8
471,47,69540,67,13,9,4508,10
472,64,14461,47,4,9,2965,1.5
473,52,64949,84,6,13,2385,2.2
474,57,105009,83,14,19,2074,1.7
475,69,86505,35,13,9,3204,3.6
476,33,68440,68,4,9,2568,2.5
477,30,38812,69,8,10,2294,5.2
478,67,69551,1,9,1,1341,5
479,59,74794,68,1,19,4151,9.1
480,47,54925,12,13,7,2834,0.8
481,36,66334,60,4,6,1697,3.5
482,34,90193,27,4,7,2674,6.2
483,36,42854,56,2,0,3658,6.2
484,45,38834,23,6,1,3034,5.1
485,43,73853,25,3,17,3229,8.2
486,54,69150,21,7,14,3051,1.1
487,43,80576,61,13,0,1467,8.2
488,40,71395,63,11,4,4138,5.2
489,26,48644,52,11,1,950,1.8
490,29,68643,88,5,19,3553,8.9
491,18,37157,25,4,2,3738,6.7
492,18,54993,55,5,18,2736,2.1
493,64,70055,46,8,17,3424,0.8
494,51,52789,32,3,17,2667,1.8
495,49,109361,55,14,13,3438,6.3
496,65,22156,96,7,7,4191,2.2
497,42,49050,5,14,11,2049,2.6
498,57,41244,36,6,9,3808,0.7
499,62,45993,49,12,19,5030,7.4
500,18,47140,58,1,16,3317,8.2
501,33,33471,39,13,10,2396,8.1
502,56,75054,80,7,1,5715,1.7
503,22,49058,97,14,3,3106,9.1
504,39,63271,85,13,0,3277,6.9
505,46,51303,61,7,14,3302,9
506,20,46182,9,14,12,3537,4.7
507,29,93445,6,12,7,2593,4.7
508,43,78458,35,1,3,3227,8
509,33,22635,39,9,9,4142,1.4
510,68,20517,22,6,18,2551,5.4
511,54,80852,41,12,17,2496,8.4
512,39,49602,5,2,4,2649,8.4
513,46,27018,42,5,18,1682,9.6
514,31,80914,87,13,15,2180,7.1
515,45,63382,81,11,0,2131,2.5
516,22,65031,76,4,11,2999,0.7
517,64,76190,87,7,1,4003,5.1
518,66,33800,80,8,7,4744,5.4
519,47,27369,67,11,17,3068,2.8
520,63,91619,30,14,15,3547,1.7
521,69,31256,57,11,4,3292,6.1
522,22,35555,86,1,12,487,7.8
523,29,39551,73,5,18,1622,9.9
524,33,101598,29,3,2,3913,7.7
525,43,69867,37,1,7,4030,8
526,43,79308,87,12,11,4002,6.4
527,65,63923,13,3,1,2786,9.9
528,38,47962,32,14,10,606,6.6
529,56,72625,46,6,11,1765,8.7
530,53,28867,23,14,17,1949,9.5
531,50,38094,45,7,12,3754,9.3
532,47,74659,17,8,4,2571,4.1
533,54,32854,85,13,11,5028,1.2
534,40,56218,66,11,1,4761,2.1
535,27,57129,6,4,4,5008,1.1
536,22,49426,18,3,6,1900,1.5
537,53,20977,94,5,11,3589,2.3
538,51,47421,22,9,15,2426,3.7
539,69,43500,33,13,7,3393,5.7
540,48,63228,30,6,8,2033,7.3
541,27,62209,81,9,14,4471,2.5
542,36,67559,32,6,4,2055,6.9
543,49,46480,42,2,12,663,7.2
544,18,70455,78,13,4,5440,5.8
545,22,28879,10,5,10,3530,9.1
546,62,23561,36,12,9,1717,1.6
547,21,13288,34,11,19,2805,2.2
548,33,50014,73,9,12,2307,4.6
549,41,44934,28,8,8,3006,1.7
550,33,75786,11,7,13,3963,5.9
551,19,47026,78,1,17,3774,4.3
552,66,65467,39,4,14,3304,3.2
553,45,76265,47,12,9,3006,2.1
554,49,46273,19,7,6,4294,3.7
555,44,65961,15,11,7,689,6.3
556,37,80038,28,7,2,2101,6
557,41,35236,24,6,14,1825,2.1
558,29,60497,72,8,15,4207,1.7
559,67,46359,9,11,3,2113,0.8
560,52,36510,47,13,5,1456,0.6
561,50,29270,33,6,0,3659,8.9
562,50,36187,62,10,3,1909,0.9
563,68,61200,97,3,10,2579,7.4
564,60,27783,19,4,11,5857,8.8
565,54,48985,67,14,4,3944,1.4
566,29,76263,74,3,15,2746,4.6
567,20,68980,40,1,12,2854,9.6
568,18,49389,47,10,12,4088,8.4
569,50,93793,65,5,16,3795,5.2
570,57,97860,29,1,6,3090,7.7
571,27,60522,50,1,7,3124,8.4
572,60,10629,98,2,12,1224,3.8
573,61,77728,13,13,15,971,9
574,46,14120,1,4,3,2787,5
575,30,89522,34,6,7,2240,5.5
576,29,81671,93,8,15,3703,10
577,48,95484,48,13,9,3236,8.5
578,63,65205,77,3,11,2072,3.9
579,19,52772,48,1,11,3195,0.6
580,68,50997,49,3,4,2498,6.4
581,67,49074,64,12,15,5479,7.2
582,52,79621,61,3,0,3463,6.7
583,40,74245,29,5,8,1127,9.7
584,34,62404,39,11,11,5184,8.7
585,43,45556,88,12,4,2240,4.8
586,25,112584,26,12,19,1830,1.1
587,46,78247,17,4,2,5572,5
588,43,28045,71,13,4,3415,7
589,27,49674,13,4,1,3840,6.3
590,43,78635,69,9,13,3879,5.6
591,51,44009,26,7,1,2752,5
592,68,67030,49,4,12,2313,3.3
593,58,79015,67,3,6,2508,3.1
594,24,10000,7,6,9,4930,5.3
595,21,57839,58,3,12,3244,2
596,67,58624,49,6,15,4575,3.7
597,62,51758,53,11,13,2908,3.6
598,28,66033,65,13,10,2093,6.1
599,46,73150,62,11,9,1269,1.1
600,53,62841,17,13,5,3777,8.4
601,42,52523,43,13,3,5032,5.8
602,38,72652,25,12,0,1936,6.9
603,53,60981,3,9,6,3616,7.2
604,27,55385,79,6,8,1349,3.3
605,54,33754,29,12,7,2333,5
606,26,28746,32,4,4,3321,9.6
607,41,33375,26,5,18,926,7.8
608,52,65566,16,13,9,2978,9.7
609,66,58418,25,6,10,1995,7.6
610,52,30394,54,11,14,3725,2.2
611,65,72918,28,3,5,2801,1.1
612,53,87486,73,8,14,4127,6
613,35,48030,56,4,4,2664,3.9
614,66,25180,65,8,18,1365,3.1
615,56,45817,93,10,18,1215,8.2
616,49,77089,86,10,9,709,4
617,41,70970,80,3,11,3759,3.5
618,40,41551,41,10,3,6069,8.6
619,49,90423,51,7,17,3522,8.5
620,54,86965,71,11,15,5006,3.9
621,29,45339,78,13,7,4360,8.4
622,66,45134,29,12,3,2377,8.6
623,30,48143,83,9,11,4518,4.5
624,40,49853,19,4,1,2425,1.1
625,42,79010,66,8,3,2449,0.5
626,52,68506,41,3,4,2749,5.5
627,58,77541,45,7,2,2806,3.8
628,47,73471,15,3,8,3793,10
629,34,94290,3,12,17,2194,7.8
630,66,38812,11,7,10,4066,7.7
631,37,67607,53,14,2,4049,9.6
632,65,16523,46,11,1,3411,8.9
633,42,33660,30,10,8,5327,3.5
634,39,58502,57,10,13,4544,2.1
635,30,68364,18,11,3,4283,7.6
636,36,57963,51,11,8,3079,4.1
637,66,48656,48,6,12,3422,5
638,53,52211,66,2,17,3628,6.5
639,29,87388,96,11,14,3015,9.1
640,58,52319,8,3,9,2549,4.5
641,36,94984,22,6,15,200,7.9
642,29,75880,6,14,11,3861,3
643,26,69150,76,4,19,4249,7.1
644,24,36128,57,6,4,1606,0.5
645,45,78704,36,1,1,3726,8.8
646,31,50124,79,10,9,2290,0.8
647,48,36111,92,12,0,2560,7.3
648,69,70256,57,1,6,4572,0.9
649,36,32241,49,3,16,1811,3
650,64,44755,45,8,15,1809,5.2
651,33,59797,82,8,2,5165,4.5
652,22,104368,66,11,13,2825,2.3
653,52,46261,77,4,9,4495,3.7
654,29,50835,45,6,6,1081,7.4
655,42,74646,79,8,16,1177,6.9
656,69,35234,20,7,5,1904,1.2
657,38,68856,64,11,3,2422,7.6
658,53,84118,93,7,16,1316,1
659,40,53858,93,13,8,3443,5.7
660,33,80523,67,4,3,3521,3
661,56,65828,83,9,6,1922,6.1
662,62,45386,3,12,1,2017,3
663,59,56043,54,10,16,2175,9.9
664,56,52404,78,6,7,1602,3.4
665,31,58247,64,14,14,200,2.8
666,48,63054,40,12,14,2897,3.1
667,22,71763,59,11,7,2483,9
668,52,70173,55,3,15,2606,6.5
669,40,11365,62,5,18,1785,7.4
670,46,58053,4,5,10,3972,9.2
671,60,29811,60,14,1,5910,9.2
672,28,54485,75,5,16,1999,7.5
673,35,57524,95,8,15,4679,2.4
674,64,79522,96,9,14,3439,8.5
675,29,59397,91,13,12,3042,2.4
676,26,65184,30,9,14,2587,7.6
677,27,75861,2,13,3,2900,7
678,61,84555,62,6,15,4379,7.7
679,34,57539,49,6,11,1634,5.6
680,55,61883,9,9,3,2669,6.6
681,24,60200,92,4,2,4498,9.6
682,63,49148,31,6,16,4180,1.5
683,30,44617,98,4,17,1652,3.4
684,57,14562,61,11,17,2780,6.3
685,59,38466,79,1,16,3873,9.7
686,26,24427,48,7,11,3796,1.4
687,67,85103,25,14,3,4170,0.7
688,44,63768,36,10,11,3461,1
689,19,57481,8,11,19,3662,1
690,22,45650,73,12,14,3411,9.1
691,46,60595,58,6,15,4895,7.4
692,54,43040,45,9,4,2493,6.9
693,55,63480,62,7,14,3057,5.5
694,36,64914,39,13,16,1782,7.9
695,25,42772,96,7,17,1545,2
696,65,42390,58,2,4,3389,4.2
697,62,79243,81,12,12,2130,5.2
698,18,58942,99,11,18,2930,1.5
699,39,44379,83,9,12,4941,4.5
700,69,52589,64,10,17,4871,3.5
701,34,39788,44,9,13,5668,0.8
702,24,58656,29,6,3,4965,1.8
703,42,76632,59,13,3,5883,7.8
704,62,59446,71,3,19,3523,0.7
705,21,107272,92,1,19,1916,9.4
706,53,68427,9,4,18,1799,1.3
707,23,64599,92,14,12,4675,8.1
708,48,41833,6,14,11,3061,9
709,36,55229,29,3,6,3151,9.4
710,61,44419,58,14,11,2341,8.7
711,56,16687,17,12,3,2484,3.2
712,44,79485,16,1,1,3460,3.7
713,27,49770,87,3,1,1733,4.6
714,43,44791,95,14,4,3308,1.8
715,36,64211,3,14,9,4813,0.7
716,56,70249,21,4,9,439,8.8
717,20,53584,64,13,8,1150,5.8
718,62,59947,90,13,12,3810,6.3
719,30,74923,36,14,6,4636,9.3
720,67,52796,86,8,4,2412,6.8
721,45,66046,62,9,9,602,7.1
722,37,26815,42,3,9,4718,8
723,45,35173,76,6,5,2026,1.6
724,25,72110,42,10,18,2566,3.9
725,58,34128,61,11,7,3382,9.7
726,56,64682,13,5,0,2200,9.3
727,18,57060,11,6,16,1948,8.9
728,20,52710,54,4,6,1970,4.8
729,30,43430,16,10,13,5229,8.6
730,45,78186,8,6,16,4391,1
731,66,94597,59,7,8,3689,1.9
732,42,66003,57,9,16,376,4.4
733,50,66449,40,10,4,3693,5.1
734,55,46353,59,7,19,3629,3
735,23,36078,2,6,7,1466,3.9
736,61,59205,94,1,5,3310,2
737,62,40525,94,2,10,4261,5.1
738,49,24547,76,1,18,3683,8
739,62,76068,10,9,3,2183,6.8
740,64,77043,44,10,17,3015,1.5
741,38,42823,11,10,0,3876,5.1
742,33,64879,79,9,12,3071,7.1
743,38,80039,80,7,13,4505,5.5
744,28,64100,81,13,0,3474,4.2
745,54,36136,90,2,10,3903,6.4
746,53,55342,2,6,16,3985,9.7
747,52,86536,50,11,3,1719,1.4
748,36,64940,12,4,11,3059,4.2
749,37,70782,90,1,9,2601,4.4
750,35,66832,23,1,5,4252,6
751,64,42889,18,12,0,3555,1.9
752,58,47583,62,5,6,2774,2.2
753,66,66777,96,12,15,1461,3.2
754,31,76337,62,2,13,1083,9.6
755,32,81998,38,4,19,3372,7.5
756,48,42837,67,1,19,2139,6.8
757,18,68662,38,4,5,3799,8.3
758,20,83740,67,11,4,1028,1.7
759,33,40258,94,6,17,4911,8.7
760,40,89734,61,10,14,3796,6.2
761,28,92778,1,4,5,3119,3.7
762,29,112501,94,1,18,5019,8.3
763,27,64618,45,7,0,4138,8.1
764,49,64728,96,14,0,2429,8.5
765,33,76539,28,2,12,3093,1.6
766,25,75956,21,9,2,642,9.7
767,55,82527,13,13,9,4277,9.6
768,29,75680,27,3,2,2644,3.9
769,41,57878,7,8,8,627,1.1
770,45,84439,22,13,7,1581,2.1
771,25,38574,74,8,2,4045,9.9
772,45,60117,53,3,12,4936,5.8
773,53,91274,79,4,5,3024,3.9
774,43,34995,79,2,12,1821,3.2
775,25,46450,4,4,19,1295,2.9
776,67,73434,96,11,19,4697,6.8
777,45,67878,23,11,11,3539,4.5
778,45,42499,70,11,12,2603,9.7
779,54,51676,88,14,1,2318,7
780,58,36384,84,9,15,3806,8
781,53,79609,84,2,5,3773,3.3
782,44,54882,76,12,18,1924,1.3
783,34,95843,33,12,12,1629,5.1
784,26,61622,28,13,16,1689,3.5
785,50,55605,8,3,8,2438,2.4
786,37,53663,1,11,16,2172,9.6
787,30,55116,37,11,1,4941,4.7
788,45,62216,63,4,18,2395,2.2
789,65,110248,22,5,18,1500,2.4
790,46,53222,70,1,6,1567,3.2
791,30,53872,21,7,9,2779,10
792,63,61311,96,14,9,813,3
793,52,81805,35,10,19,2927,3.6
794,23,31580,79,7,8,1396,6.8
795,35,69101,5,9,16,4390,3.3
796,68,43651,60,4,14,3139,2.6
797,22,71065,46,14,1,5545,2
798,64,50124,50,14,3,2726,3.5
799,42,13917,48,6,18,200,1.5
800,19,67391,6,11,16,4749,0.7
801,27,67222,89,2,4,3602,8.1
802,47,48418,56,12,6,3788,1.8
803,67,47233,59,12,17,1796,7.9
804,62,33772,29,14,6,2948,8.1
805,22,75461,71,4,16,3223,5.6
806,50,77644,77,2,6,2714,3.4
807,18,42418,18,10,3,918,1.9
808,35,49201,2,5,7,6322,7.5
809,49,58734,8,7,12,4002,6.2
810,64,105417,75,13,3,3504,6.7
811,66,70902,97,1,5,4576,0.6
812,28,41131,54,10,4,3773,9.3
813,38,66075,38,10,11,2187,1.1
814,43,32466,48,7,3,4499,4
815,42,74359,27,10,8,4022,4.3
816,39,93510,20,13,3,2232,0.5
817,44,93595,12,6,18,3948,5.2
818,66,74697,43,6,13,2711,7.7
819,30,48331,61,12,4,3250,8.3
820,50,33981,31,8,17,3719,8.9
821,51,31995,91,8,9,4642,5.1
822,58,10000,96,6,18,2224,6.5
823,52,73877,61,3,11,3437,1.3
824,18,57943,74,5,17,5418,5.1
825,38,78184,67,2,16,2788,2
826,65,88560,91,14,10,3235,4
827,23,61998,35,5,2,5417,3.6
828,45,62919,95,14,16,3764,4.5
829,34,50713,15,9,0,1231,5.9
830,22,53078,16,10,14,2045,9.1
831,48,74569,13,1,8,3827,4.2
832,22,56512,35,10,14,3507,9.8
833,55,53619,75,5,2,3195,7.7
834,20,59633,59,12,18,5593,5.4
835,40,77726,21,6,12,2259,6.6
836,54,46146,54,14,11,2910,1.5
837,54,58669,75,11,19,644,8.5
838,27,64905,30,7,0,4392,6
839,27,83204,48,9,16,2041,9.9
840,36,55214,35,6,12,4268,6.5
841,34,45643,86,5,0,4142,8.4
842,38,50312,38,12,9,5818,8.1
843,31,81061,31,7,14,3779,3.8
844,26,100666,78,13,6,2572,3
845,63,33724,24,1,17,3544,4.6
846,18,38093,49,11,15,2088,4.9
847,68,56624,96,14,13,3382,2.8
848,62,62219,32,5,17,2758,9
849,30,75739,55,2,6,2915,5.7
850,21,42177,79,4,16,1921,9.8
851,18,38737,58,7,17,3360,8.2
852,66,62761,99,5,11,3989,5.8
853,57,54831,3,12,7,1017,9.5
854,49,78534,80,6,1,2173,5.3
855,51,69747,69,2,6,3201,8.9
856,45,71107,85,3,3,200,3.9
857,48,57910,10,7,17,5088,4.1
858,25,107111,83,11,5,2146,4.5
859,56,43245,25,2,8,1874,5.7
860,43,72216,68,12,8,2751,5.8
861,51,34606,61,6,13,3164,5.2
862,20,38530,29,5,7,2092,3.4
863,67,47853,19,10,18,4176,9.3
864,29,92586,43,1,2,3479,6.1
865,18,65277,66,12,17,1995,4.4
866,61,48190,74,11,4,2373,6.7
867,22,67488,61,10,13,1179,7.8
868,47,60702,43,11,3,1495,9.6
869,47,50160,25,4,6,3465,5.2
870,34,32067,20,11,19,2007,1.6
871,65,88770,48,2,11,5165,4.7
872,64,64196,83,4,1,3085,5.1
873,40,103474,87,1,10,1376,9
874,32,78806,24,2,13,1627,4.3
875,54,71026,11,13,15,4263,9.6
876,38,51295,98,8,19,2908,5.1
877,31,38093,55,6,5,4190,9.8
878,19,55645,28,2,3,2560,0.6
879,28,37514,69,12,14,2327,9
880,68,73003,63,6,0,4343,9.3
881,56,92653,59,10,6,1969,9.6
882,55,54781,5,9,11,3586,0.6
883,51,78889,51,7,9,2745,2.1
884,55,46215,21,9,4,4054,6.7
885,67,53950,12,5,11,5182,0.7
886,51,43700,50,7,17,2529,1.1
887,35,17337,4,11,9,2343,2.6
888,47,59269,42,14,5,3798,5.4
889,32,62569,84,7,11,1701,5.7
890,44,81317,38,12,6,4939,0.8
891,68,75908,25,12,17,4735,2.1
892,51,76179,14,3,1,1801,5.2
893,69,40519,75,7,9,1100,6.1
894,55,69189,32,1,14,1607,1.9
895,50,91651,11,9,11,1625,4.3
896,41,67597,61,10,16,3962,9.1
897,32,96571,18,13,3,4859,10
898,47,100379,27,6,6,3948,9.9
899,59,54630,55,5,8,2716,8.9
900,68,46061,54,7,18,3410,4.2
901,34,44770,82,5,6,1956,7
902,22,29677,87,10,1,4316,4.5
903,46,49631,75,5,5,3518,6.7
904,21,84153,21,11,17,3927,3.4
905,27,15919,44,10,5,2126,6.3
906,34,39250,5,11,12,2797,5.5
907,27,57457,87,7,18,3870,0.7
908,34,42456,41,10,1,4732,8
909,37,49454,59,7,11,2270,0.6
910,41,49753,89,13,14,3936,3.3
911,22,54849,54,11,13,2145,0.6
912,51,45410,74,3,5,5540,4.1
913,23,43775,22,3,17,2502,1.1
914,19,78686,83,10,4,3772,9.2
915,30,80993,65,12,17,3198,4.4
916,60,32389,64,13,2,6126,4.9
917,60,10000,71,3,2,3275,3.8
918,65,81267,4,6,9,2381,6.5
919,28,35423,65,12,18,3767,8
920,68,64254,15,6,2,3740,6.7
921,64,28686,76,13,11,2811,7.6
922,40,85955,22,13,15,1686,9.1
923,33,110873,86,3,16,2366,8.7
924,48,63656,47,3,6,4057,6.9
925,28,58117,81,8,12,903,2.5
926,33,53557,93,8,1,2702,6.6
927,25,75635,46,7,3,4193,5.3
928,21,71353,14,10,9,2887,7.3
929,57,80069,50,4,6,5608,8.4
930,21,47441,20,4,16,906,7.6
931,42,66802,50,3,19,1846,8.5
932,20,49150,33,5,5,222,1.1
933,49,38845,59,3,18,5392,0.8
934,20,59179,43,13,4,1866,3
935,44,41549,79,8,9,615,9.1
936,46,83474,12,7,8,2265,8.3
937,49,42761,40,13,12,1328,7
938,67,67270,20,3,18,2274,7.2
939,68,47931,94,9,5,3049,7.4
940,36,65541,38,12,3,3965,9.5
941,38,49520,3,14,2,2790,8.4
942,22,34855,28,13,2,3030,6.4
943,35,69675,56,5,3,2302,6.8
944,45,55291,90,9,4,1185,2.5
945,59,65719,94,7,7,784,6.7
946,39,51423,13,7,15,2562,4.5
947,38,33441,77,6,2,3101,2
948,23,81663,66,2,11,2473,8.2
949,18,74735,37,9,7,828,5.3
950,22,48660,49,6,12,3241,9.8
951,58,61395,66,8,3,4955,3.2
952,29,80840,36,1,13,2862,5.1
953,43,50859,54,5,13,2304,4.8
954,63,53962,26,12,12,2927,1.6
955,51,64872,75,1,5,1674,4.5
956,66,50818,72,10,16,1597,3.2
957,31,77141,40,11,3,3541,2
958,43,56621,43,14,7,4188,3.2
959,62,44319,22,8,16,2823,2.7
960,44,72172,20,8,2,631,7.5
961,26,37157,8,1,16,3424,0.8
962,43,100297,29,9,8,5480,6.4
963,64,91649,40,2,1,2707,7.7
964,39,70269,90,12,12,2786,5.1
965,64,68586,30,9,19,1952,9.3
966,47,67648,81,1,1,3577,7.2
967,60,50218,84,12,19,2194,7.6
968,65,65946,55,10,10,4225,2.4
969,34,41537,16,14,14,2210,7.9
970,43,70076,46,14,10,3410,8.4
971,53,77356,62,9,2,2944,3.9
972,18,52438,7,4,2,4866,2.5
973,25,48097,80,9,11,3491,4.2
974,66,35750,45,7,4,4664,7.5
975,52,89159,59,11,19,3130,4.5
976,69,49686,56,6,6,2795,7.5
977,32,56025,48,5,6,2954,1.6
978,64,66003,27,11,12,2074,8.2
979,39,65644,53,9,8,3638,2.9
980,31,74931,87,2,12,2171,2.9
981,43,52413,88,14,11,3134,6.1
982,45,37226,73,13,12,4026,1.2
983,40,33726,35,11,9,4900,0.7
984,31,48414,51,14,0,3195,3
985,41,40962,84,12,7,4033,5.6
986,19,53927,37,2,15,3890,9.1
987,62,86151,81,11,12,2541,8.5
988,43,52454,95,12,2,5529,5.2
989,31,52446,57,9,2,2308,0.9
990,68,59672,8,12,4,3109,5.6
991,24,51887,79,3,10,4744,7.2
992,20,58652,95,8,6,4715,3.7
993,64,70817,94,11,9,3017,1.6
994,40,77695,20,9,9,4188,3.1
995,63,80064,53,8,19,2731,7.8
996,60,101137,12,4,1,2413,3.8
997,64,71387,49,12,2,1544,8.2
998,62,104689,17,1,7,3868,3.5
999,35,44470,64,4,10,3995,2.1
1000,55,101825,42,14,12,2318,4.6
1001,52,52392,94,9,6,3321,4.8
1002,68,54359,29,2,12,6181,0.7
1003,32,57602,19,3,1,4376,1.6
1004,42,55627,11,10,5,1918,2.3
1005,54,61716,98,8,8,4201,1.6
1006,45,48399,50,6,19,1923,3.7
1007,27,76599,71,8,1,200,9.7
1008,56,48943,58,7,17,2975,5.3
1009,34,73112,34,14,15,4875,6.5
1010,56,90554,20,13,11,4676,3.9
1011,39,52857,50,13,6,3452,3.6
1012,43,75887,88,5,6,2349,0.7
1013,61,71183,10,9,16,3583,5.3
1014,42,105057,32,4,12,2677,5.1
1015,34,49903,52,6,10,2383,2
1016,30,75901,15,2,5,4274,7.8
1017,37,27479,84,2,13,2368,5.2
1018,42,50082,3,2,5,4352,3.7
1019,21,67067,37,10,5,2289,1.9
1020,27,87863,40,7,1,5470,5.7
1021,20,35481,72,13,19,1031,7.7
1022,58,75721,40,2,14,1851,3.2
1023,62,58735,56,12,16,2813,2.6
1024,35,29569,23,13,7,619,5.5
1025,64,63631,11,2,4,200,2
1026,53,94183,64,9,16,629,6.8
1027,64,37591,8,7,19,2649,6.3
1028,39,57801,93,11,0,2679,1.3
1029,51,40267,94,3,17,3399,0.8
1030,64,50628,56,3,14,2763,6.4
1031,25,88643,60,7,4,3359,3.3
1032,57,54569,10,5,6,2459,1.3
1033,66,88031,39,10,17,3857,7.7
1034,61,82181,28,14,5,3713,3.5
1035,36,52745,49,14,4,2607,4.9
1036,59,49948,36,6,18,3639,2.7
1037,58,42080,13,13,9,2771,6.5
1038,54,41382,96,12,14,1173,3.4
1039,23,67064,36,8,9,4085,9.7
1040,69,59604,26,9,15,1911,7.2
1041,43,47527,86,1,11,4072,1.8
1042,51,29024,4,3,17,3388,4.5
1043,62,62123,95,11,0,2898,4.2
1044,23,50608,82,7,15,747,5.6
1045,54,56094,64,6,5,4847,8.5
1046,50,66093,38,7,2,2564,6
1047,39,10000,88,8,1,3761,1.1
1048,38,29334,87,6,1,2863,6.7
1049,23,105928,22,3,12,2674,0.6
1050,23,49867,2,2,8,3231,7.9
1051,65,10000,31,12,15,3031,6.8
1052,21,31001,11,7,4,2679,3.4
1053,47,109689,92,12,6,2933,3.3
1054,28,45940,46,12,12,3512,8.1
1055,47,83180,96,12,19,3597,7.9
1056,48,62422,62,11,12,3052,3.8
1057,41,50300,69,1,6,3745,3.3
1058,26,75508,64,3,9,2491,5.8
1059,20,12312,10,12,14,5669,0.6
1060,68,31177,40,11,5,4782,1.3
1061,48,50152,24,4,4,3914,1.7
1062,57,33141,99,13,1,670,2.3
1063,54,48384,44,14,14,3727,5.4
1064,53,77074,60,1,15,2596,9.9
1065,41,62642,62,5,18,1825,6.7
1066,48,86612,87,10,8,2565,1.1
1067,23,63907,17,3,18,1958,5.5
1068,19,79849,65,2,6,3608,5.2
1069,37,58718,95,3,3,4939,1.9
1070,45,48194,95,8,2,3991,9.2
1071,28,89611,57,6,19,6315,4.7
1072,21,45812,55,13,10,1135,9.9
1073,32,66876,53,14,0,2392,4.5
1074,23,75377,56,7,5,1868,6.3
1075,66,76829,98,12,10,4475,1.5
1076,47,36691,9,6,0,2735,4.8
1077,55,81039,22,6,6,3227,2.8
1078,68,40420,13,12,5,3760,8.4
1079,19,76214,89,3,13,1254,7.9
1080,32,70703,48,12,1,2254,8.3
1081,28,76372,18,13,3,4196,7.4
1082,25,35899,76,14,10,2342,8.4
1083,43,71758,40,8,14,943,2.4
1084,68,81711,17,12,17,1917,4.8
1085,62,63867,15,7,0,2656,7.1
1086,61,43627,15,7,2,3200,6.6
1087,22,78394,79,6,2,2915,7.3
1088,23,62278,63,5,6,2262,2.6
1089,43,26511,39,10,0,4127,1.4
1090,21,42076,13,8,10,2845,9.2
1091,36,49474,81,5,5,3251,5.8
1092,37,90116,32,9,19,2326,2
1093,50,86603,9,9,2,4810,8
1094,37,86539,40,1,18,2530,9.2
1095,66,64647,20,6,1,3089,2.1
1096,29,78271,90,7,17,4241,8.3
1097,64,37184,91,3,11,3336,9.4
1098,18,60136,85,7,9,3306,9.4
1099,43,69032,82,11,4,631,9.2
1100,31,38502,77,11,8,3816,5.7
1101,55,64198,80,7,1,3066,3.9
1102,54,93732,73,14,1,3649,0.6
1103,28,71175,63,13,5,3219,1.1
1104,53,78350,76,11,9,2329,4.6
1105,30,10951,44,2,17,4073,4.3
1106,60,91159,38,7,11,3237,2.3
1107,20,56277,83,1,3,1452,4.3
1108,50,44626,60,5,16,4570,2.2
1109,23,56507,71,9,14,1283,8.6
1110,67,30299,99,7,5,4081,3.3
1111,27,80958,48,7,15,4784,6.2
1112,22,53292,18,11,16,1672,5.3
1113,40,45227,16,13,2,2852,1
1114,27,56638,55,12,9,2740,9.5
1115,61,82360,39,2,4,2794,5.5
1116,19,62629,68,8,13,5196,3.6
1117,30,31806,59,3,12,1686,2
1118,57,69299,89,8,5,2632,3.7
1119,19,41420,96,3,11,4803,0.7
1120,37,16877,62,10,7,2612,4
1121,18,89920,13,7,4,1877,5.5
1122,54,69144,81,2,14,3315,8.8
1123,26,58434,6,4,15,3966,7
1124,34,53087,83,11,0,2528,1.6
1125,26,87941,77,6,15,3665,1.9
1126,28,121743,60,11,4,1348,4.6
1127,32,68975,90,9,2,1414,2.4
1128,41,39407,14,5,19,2471,0.8
1129,55,56910,95,13,14,3708,8.1
1130,52,68611,54,9,12,3913,0.7
1131,47,13009,4,5,15,1581,8.4
1132,48,66689,39,10,10,3869,1.9
1133,66,68728,72,8,1,3199,9.8
1134,22,86526,25,13,5,1944,6.2
1135,61,84442,77,13,5,1398,7.5
1136,67,62223,32,1,13,3275,1.5
1137,31,90292,59,7,10,4547,8.7
1138,28,100713,63,4,7,3042,8.5
1139,26,60559,38,5,7,1878,6.7
1140,51,68363,92,6,0,758,5.3
1141,29,24654,53,5,6,4835,7.4
1142,52,30980,94,12,5,4250,0.6
1143,52,43236,67,1,7,3362,6.1
1144,18,51127,28,12,18,4773,8.6
1145,57,38077,3,9,19,3268,3.9
1146,39,59280,98,2,7,2362,1.5
1147,46,51725,80,9,13,3666,4.5
1148,25,81417,22,10,17,2004,7.4
1149,28,50504,96,2,15,1805,1.5
1150,58,14265,38,9,8,3925,2.5
1151,54,62515,72,6,14,4026,1.9
1152,31,59716,72,11,9,1471,8.1
1153,47,42759,62,9,15,1515,1.1
1154,52,61899,57,13,3,2465,7
1155,38,38494,6,6,19,2146,4
1156,54,66596,78,6,12,3571,7.7
1157,22,112658,32,13,4,3057,9.7
1158,36,23887,99,11,6,4397,1.6
1159,31,49675,10,14,8,3380,3.5
1160,43,46469,3,2,7,2226,8.2
1161,21,51334,59,8,15,730,3
1162,42,80398,76,3,5,3215,2.5
1163,62,70856,49,7,15,947,8.3
1164,59,76975,59,5,5,2211,9.9
1165,42,60609,31,3,13,2133,5.8
1166,35,33558,93,1,0,2389,3.1
1167,57,37706,69,8,8,1420,4.3
1168,25,74925,62,3,12,2129,2.1
1169,56,63416,52,2,18,4375,7.7
1170,57,85204,89,1,16,4371,7.8
1171,31,65865,41,4,10,4838,8.8
1172,49,36339,31,13,7,3012,0.8
1173,68,49561,85,8,4,3325,5.8
1174,55,71296,84,13,9,4392,2.5
1175,50,74206,22,3,6,1235,3.7
1176,40,77102,4,14,9,3966,8
1177,32,39029,13,1,3,4562,2.3
1178,50,35979,45,4,8,1933,6.6
1179,42,56203,42,9,13,4659,6.7
1180,34,88801,49,13,1,5469,9.6
1181,50,46122,20,1,8,3933,7.9
1182,64,69099,77,12,0,3713,8.1
1183,19,69101,81,14,9,1656,5.6
1184,31,75215,54,11,9,4283,2.3
1185,57,93288,36,2,19,1769,4.5
1186,57,91238,97,9,2,3443,5.7
1187,68,48107,1,2,5,3565,6.9
1188,56,18042,15,13,5,200,6.3
1189,68,46429,77,3,1,3486,4.2
1190,23,61513,17,7,17,6145,3
1191,23,52767,24,3,1,489,2.1
1192,20,99357,58,9,11,2935,7.1
1193,24,60375,72,6,4,663,6.6
1194,68,73074,91,3,19,1927,7
1195,25,64344,23,9,6,684,4
1196,59,53067,46,1,15,3191,3
1197,69,21503,72,10,19,3952,7.7
1198,32,58427,8,3,0,3491,7.8
1199,64,125092,59,1,0,1883,4.8
1200,46,35110,90,2,16,2268,6.3
1201,50,23702,59,12,0,3326,4
1202,69,98727,13,8,19,1921,7.2
1203,47,74841,39,7,12,1405,8.4
1204,56,63748,28,2,8,2713,7
1205,44,87253,89,2,14,1866,5.4
1206,53,43369,61,9,2,3493,4.9
1207,46,57868,16,13,13,4558,6.6
1208,55,79103,2,13,10,6117,7
1209,50,102207,82,6,11,3405,5.8
1210,54,36629,17,5,12,3775,6.4
1211,44,85614,30,10,12,2280,1.4
1212,50,67636,13,6,0,2355,9.5
1213,21,63261,96,9,9,4540,8
1214,39,59845,93,11,2,2668,4.1
1215,19,32307,94,7,3,3087,5.8
1216,27,79261,82,10,15,4467,0.9
1217,22,44354,13,10,7,2677,0.9
1218,27,38406,43,14,15,4800,2.9
1219,50,77709,85,9,16,3687,7.1
1220,55,75782,94,4,18,3546,8.6
1221,30,61580,21,2,14,2222,5.8
1222,48,81590,55,12,15,3610,5.6
1223,64,88518,81,8,14,2485,4.3
1224,53,86164,40,4,1,3563,2
1225,62,49434,83,13,10,2877,1.6
1226,41,80282,15,9,0,4160,7.7
1227,69,64232,73,4,14,2961,9.3
1228,32,94518,52,8,18,5445,4.9
1229,46,57525,74,9,3,2669,6.8
1230,25,52870,95,13,10,2358,9.2
1231,22,47724,53,9,4,3415,1.4
1232,46,63785,87,10,2,4293,7.8
1233,64,69334,52,4,12,4284,6.4
1234,21,69719,30,1,9,3200,6.2
1235,29,66983,33,3,10,3406,3.3
1236,62,73420,57,9,17,3408,7
1237,19,55549,52,4,1,1706,8.1
1238,44,42549,9,5,6,4228,1.6
1239,48,40803,54,7,8,1490,5.6
1240,68,79501,1,5,9,1708,1.5
1241,68,69406,44,4,17,3066,8.8
1242,53,22883,99,2,6,2616,5.3
1243,53,81935,75,2,6,3955,8.2
1244,43,97608,98,13,2,3536,4
1245,60,45681,80,13,11,3165,1.7
1246,44,66723,9,4,6,1649,0.9
1247,22,50530,32,10,16,3031,3.2
1248,37,72566,15,13,0,2936,2.8
1249,28,36679,12,10,4,3266,5.8
1250,27,58571,97,13,15,2483,0.7
1251,57,79626,78,9,14,3627,5.4
1252,55,84714,57,8,1,2584,4.2
1253,23,68529,8,3,8,3514,6
1254,25,53219,72,14,6,3955,7.2
1255,40,28147,27,9,3,2358,6.5
1256,64,44849,62,14,19,2073,9.9
1257,43,50614,12,5,17,3571,1.8
1258,63,46045,65,11,3,1414,4.6
1259,60,61191,42,3,12,4333,4.5
1260,29,53162,62,5,0,3013,4.5
1261,43,63442,11,13,2,2862,6.8
1262,30,84052,43,10,15,3655,5.2
1263,57,51870,95,13,3,3580,5.4
1264,35,32342,17,4,15,3007,4.6
1265,42,45965,97,8,18,4054,9.9
1266,50,71671,32,13,0,2193,9.3
1267,64,73558,93,12,4,3854,3.4
1268,57,68121,85,5,18,1705,1.6
1269,60,86014,85,10,10,3612,8.5
1270,29,56272,40,12,12,2606,10
1271,61,101043,23,8,19,1426,3.3
1272,53,76363,56,9,4,3307,3.9
1273,65,10000,6,4,3,2958,9.4
1274,21,96013,86,7,3,1148,7.3
1275,22,44660,50,2,3,463,3.3
1276,54,39317,37,6,3,2817,6
1277,25,70475,64,8,19,4941,9.5
1278,59,25236,54,12,17,3385,8.2
1279,66,46090,72,7,17,2198,7.5
1280,45,91141,49,7,15,4298,7.5
1281,48,71124,99,8,8,4088,2.2
1282,26,76244,11,7,17,4525,8.3
1283,68,46861,88,5,1,3820,3.1
1284,46,29232,49,7,3,4063,9.3
1285,31,74136,21,13,11,3877,4
1286,57,78605,66,14,6,2426,8.6
1287,58,77699,63,10,14,1035,3
1288,39,64181,83,3,6,2374,5.4
1289,28,40658,28,5,16,4325,1.5
1290,40,108755,17,7,15,2542,6.8
1291,18,69595,6,9,18,2825,8.4
1292,63,56522,19,2,8,1601,7.3
1293,54,56611,56,4,13,2338,5.5
1294,38,62991,28,12,16,2989,0.9
1295,43,81392,66,7,4,3591,9.4
1296,63,63792,38,1,1,2449,7.2
1297,53,77170,37,13,19,2365,7.6
1298,40,63027,68,2,15,4010,8
1299,18,57752,86,9,13,3390,7.6
1300,68,72825,90,13,13,3538,4.7
1301,57,72065,49,10,0,4833,7.5
1302,32,56607,43,7,2,2393,6.4
1303,38,45015,36,12,6,2941,8.6
1304,64,66834,58,10,14,3661,8.1
1305,26,61566,13,7,18,1954,0.9
1306,26,48902,52,6,19,3274,4.1
1307,27,43151,58,3,1,3026,0.8
1308,69,68209,32,10,18,6332,1.5
1309,43,71001,81,3,8,3119,6.2
1310,58,52799,60,2,18,4388,8.8
1311,52,48401,83,11,4,3995,1.6
1312,69,43394,58,6,17,1612,4.8
1313,42,67645,99,4,15,1141,9.2
1314,43,43920,56,5,3,3296,8.2
1315,28,104822,28,3,11,4508,5.4
1316,55,51794,1,6,6,3345,7.8
1317,19,11495,42,11,13,3094,5.5
1318,24,59396,82,12,11,2659,2
1319,35,58539,48,3,2,1411,1.7
1320,44,82234,40,14,4,1847,2.3
1321,51,65762,97,14,16,1053,3.8
1322,44,43323,63,8,9,1676,9.3
1323,34,54272,76,9,9,2368,8.1
1324,60,66548,72,4,10,3931,4.6
1325,61,16705,88,9,16,2465,5.2
1326,68,86772,80,12,4,3306,3
1327,41,43376,4,7,12,3162,7.2
1328,42,88340,38,3,9,3598,8.1
1329,24,67849,27,7,8,1758,2.8
1330,69,72591,9,14,16,4271,0.9
1331,23,82988,16,1,0,1311,6.4
1332,41,71462,56,3,3,2462,5.8
1333,50,73457,76,6,3,2974,4.3
1334,66,56711,31,4,17,3912,6.6
1335,46,67443,88,7,8,4655,5.7
1336,60,48250,14,14,17,3921,2.9
1337,39,53131,25,3,13,4699,4.3
1338,43,99293,34,1,14,2004,4.6
1339,45,43836,67,9,5,4428,8.9
1340,67,63086,24,6,9,4222,9.6
1341,38,62269,73,8,14,200,9
1342,66,53784,26,3,3,2735,7.3
1343,24,70288,20,8,17,3722,6.1
1344,34,71794,64,2,17,2381,7
1345,37,41483,10,12,16,1697,9.4
1346,58,62027,83,4,11,5537,2.9
1347,66,38352,67,3,6,3133,5.6
1348,37,75770,24,10,15,3166,7.1
1349,39,63529,5,1,10,1429,7
1350,45,61646,67,13,13,2265,2.9
1351,57,73180,58,13,2,1922,6.1
1352,66,54489,27,7,18,4294,8.1
1353,24,78280,80,11,17,3605,5
1354,18,41031,15,10,9,2315,8
1355,49,88237,35,2,5,3672,3.9
1356,30,48981,76,4,12,2695,9.4
1357,47,26076,53,9,9,3281,5.6
1358,40,53429,44,6,17,3275,6.2
1359,68,51160,26,8,19,3504,0.8
1360,36,53278,47,2,15,3359,2.1
1361,49,64632,34,7,5,3505,6.5
1362,47,81956,87,6,12,4506,4.5
1363,46,56165,95,13,3,3768,5.3
1364,66,46167,50,14,13,2595,1.1
1365,62,37469,84,9,0,2882,8.4
1366,46,50636,12,7,19,4476,8
1367,47,22243,87,1,4,3134,2.3
1368,33,45497,4,14,7,2551,6.5
1369,57,84881,87,8,11,2242,8.3
1370,36,43532,48,11,1,3327,6.6
1371,35,72574,55,10,11,1974,3.4
1372,18,35470,1,3,4,4541,6.7
1373,31,95421,89,14,4,1754,2.5
1374,68,96752,66,2,12,4773,3.5
1375,64,71820,30,12,8,2657,2.8
1376,67,99825,3,3,9,1707,5.8
1377,19,67115,21,11,0,3227,1.5
1378,45,75370,89,6,2,1856,9.4
1379,66,85238,84,13,17,3041,3.7
1380,67,63594,49,14,11,2306,2.6
1381,47,28952,86,3,2,4134,5.2
1382,55,75779,85,10,8,3164,3.1
1383,68,50562,62,5,1,1573,5.6
1384,21,52049,97,6,2,2283,3.8
1385,18,65957,38,8,13,3845,1.8
1386,25,71325,15,7,3,4544,3
1387,46,63002,52,14,18,2945,4.7
1388,56,72714,79,11,12,1746,0.8
1389,20,45862,46,8,6,4264,7.8
1390,49,59145,25,3,11,3840,6.4
1391,27,76981,21,4,2,4567,6.2
1392,27,95455,88,6,8,3348,5.7
1393,36,102528,5,11,1,2375,6.1
1394,63,68659,70,7,8,3620,9.4
1395,51,76800,47,9,11,3391,0.6
1396,50,99631,87,13,11,2310,1
1397,40,46583,68,1,14,3238,2.3
1398,45,72593,91,13,1,2765,2.1
1399,49,75366,18,8,17,3892,2.2
1400,67,88957,21,8,12,3590,6.9
1401,24,37257,92,6,13,1738,4.9
1402,46,41211,99,4,4,1617,9.9
1403,25,60427,86,3,9,2892,2.7
1404,18,67554,23,11,11,3039,3.5
1405,20,82457,64,3,9,3913,9.9
1406,41,70350,67,6,10,3615,8.4
1407,40,56971,40,13,1,4750,5
1408,25,68329,10,8,4,2439,5.8
1409,64,66020,89,7,6,2370,8.5
1410,54,94900,52,11,5,1848,5.1
1411,20,63313,72,1,2,3899,2.5
1412,68,52338,75,11,12,3026,8.4
1413,50,68992,61,6,2,775,5.6
1414,45,63969,64,7,5,3242,2
1415,64,28580,5,12,10,3319,5.3
1416,25,59686,53,7,16,2826,4.4
1417,51,57985,55,9,9,3355,8.8
1418,52,49122,37,11,11,1535,1.7
1419,49,80711,56,11,16,4969,8.8
1420,41,44286,59,10,3,3456,5.4
1421,31,69112,93,5,1,871,4.3
1422,49,57042,69,1,10,2992,2
1423,63,62153,73,2,6,3488,7.2
1424,60,68235,59,4,1,1664,9.3
1425,33,33848,2,5,17,3640,4.1
1426,21,63833,65,9,3,5017,2.8
1427,69,105778,60,11,7,2226,5.8
1428,54,28864,51,1,19,3514,8.1
1429,38,58847,30,3,13,3250,0.5
1430,31,82464,11,5,11,4161,6.5
1431,48,66032,92,3,17,2869,6.2
1432,65,73759,76,4,10,1719,3.5
1433,35,12486,39,14,7,4085,4.8
1434,24,71964,90,3,1,1791,2.8
1435,27,44766,77,4,14,5170,8
1436,24,66197,72,14,8,3672,6.5
1437,50,59411,63,13,18,2281,5.6
1438,40,105566,64,13,19,4330,4.2
1439,38,70933,61,1,7,2988,3.3
1440,36,57747,54,12,18,2734,8.3
1441,65,29806,92,8,4,2182,4.8
1442,36,62422,94,4,10,746,5.3
1443,53,76464,73,7,14,3725,5.4
1444,46,58388,95,2,7,1046,4.8
1445,35,49886,58,2,18,2048,2.9
1446,19,48548,85,6,7,3519,1.6
1447,18,70702,56,14,18,2399,1.4
1448,64,75187,34,2,17,3188,7.7
1449,22,87224,31,6,9,1543,2.6
1450,37,40100,52,11,6,2581,1
1451,28,70519,89,2,8,3196,8.1
1452,59,57565,76,4,0,1858,2
1453,19,58155,1,7,18,5023,6.4
1454,20,68036,55,8,4,2235,3.7
1455,40,68153,22,3,18,4654,1.7
1456,29,70575,40,14,0,2798,4.4
1457,37,38850,1,13,14,1117,0.6
1458,22,45003,65,9,15,1635,8.5
1459,54,89717,63,2,6,3211,5.4
1460,55,55588,54,8,11,4239,1.8
1461,47,66120,42,8,7,5123,2.8
1462,26,81093,21,13,4,3153,4.8
1463,51,69268,79,14,9,1587,2.3
1464,61,70930,81,4,4,3334,3.1
1465,52,77891,22,1,16,2009,5.6
1466,69,17666,38,13,4,3470,8.4
1467,39,50200,99,1,14,1870,4.3
1468,61,69372,80,2,12,492,7.3
1469,41,87752,8,14,0,4580,8.8
1470,34,61321,62,12,10,2728,2.6
1471,27,43105,47,14,0,3059,8.2
1472,47,43638,17,9,10,4196,7.7
1473,63,77677,17,13,17,5254,3.9
1474,40,55644,90,2,17,3864,9.9
1475,49,59855,13,2,15,3123,3
1476,34,72300,17,6,12,3555,2.9
1477,67,10000,38,7,6,2646,7.8
1478,68,100007,81,13,0,3043,4.6
1479,34,45378,78,7,15,3173,3.6
1480,31,64838,45,13,0,2056,2.2
1481,26,25906,6,9,16,3025,7.8
1482,57,51549,35,6,5,3440,8
1483,19,84893,14,14,1,3620,5.9
1484,62,21676,72,8,16,3524,9.6
1485,42,82524,61,11,5,1393,3.5
1486,56,54526,15,6,13,4475,2.6
1487,26,69743,54,2,17,4375,6.9
1488,39,73150,27,1,5,2884,7.7
1489,60,68828,13,5,9,3546,2.6
1490,63,42700,31,14,17,2740,1.2
1491,21,52709,35,9,8,3902,8.2
1492,43,30768,60,8,7,2022,9.8
1493,46,69835,6,14,9,4610,6.6
1494,62,94041,69,13,16,3842,3.1
1495,51,23511,86,4,5,3870,10
1496,40,44767,58,5,13,2873,9
1497,54,56364,49,13,5,1304,5.4
1498,28,63466,23,5,6,4060,8.3
1499,23,77583,89,6,11,1344,8.3
1500,35,56956,34,3,2,4075,9.4
